,MonovsEnpitu,MonovsSattunMina,MonovsYaduyaBurnum,MonovsKateTakakura,Monovsrandomagent,EnpituvsSattunMina,EnpituvsYaduyaBurnum,EnpituvsKateTakakura,Enpituvsrandomagent,SattunMinavsYaduyaBurnum,SattunMinavsKateTakakura,SattunMinavsrandomagent,YaduyaBurnumvsKateTakakura,YaduyaBurnumvsrandomagent,KateTakakuravsrandomagent
0,1,1,1,1,1,1,1,1,1,1,1,1,2,2,2
1,1,1,1,1,1,2,2,1,2,2,1,2,1,2,1
2,1,1,1,1,1,2,2,1,1,0,2,1,1,1,1
3,2,1,1,1,1,2,2,1,2,2,2,1,1,1,2
4,1,1,1,1,1,1,2,1,1,1,1,1,1,2,2
5,1,1,1,1,1,1,1,2,1,1,1,1,2,2,1
6,1,1,1,1,1,2,1,1,1,2,1,1,1,1,1
7,1,1,1,1,1,2,2,2,2,2,2,2,2,2,2
8,1,1,1,1,1,1,0,2,2,2,2,1,1,2,1
9,1,1,1,1,1,1,2,1,2,1,1,2,1,2,2
10,1,1,1,1,1,2,1,1,2,2,1,2,1,2,1
11,1,1,1,1,1,2,1,2,2,2,1,1,1,1,2
12,1,1,1,1,1,2,2,2,2,0,1,2,2,2,1
13,1,1,1,1,1,2,1,1,2,1,1,1,2,1,1
14,1,1,1,1,1,1,2,2,2,1,1,1,2,1,1
15,1,1,1,1,1,2,2,2,1,1,1,1,1,1,2
16,1,1,1,1,2,1,1,2,1,1,2,1,1,1,1
17,1,2,1,1,1,1,1,2,1,1,1,2,1,1,2
18,1,1,1,1,1,1,1,2,2,1,2,1,1,1,1
19,1,1,1,1,1,1,1,1,2,1,1,1,2,0,1
20,1,1,1,1,1,2,1,2,1,1,1,0,1,1,2
21,1,1,1,1,1,2,2,1,1,1,2,1,2,2,1
22,1,1,2,1,1,2,1,1,2,1,1,2,1,2,2
23,1,1,1,1,1,2,1,2,2,0,2,1,1,1,0
24,1,1,1,1,1,2,0,2,1,0,2,2,2,1,2
25,1,1,1,1,1,1,1,1,2,0,2,1,2,2,1
26,1,2,1,1,1,1,2,2,2,1,1,2,1,1,1
27,1,1,1,2,2,2,1,1,1,1,2,2,2,1,1
28,1,1,1,1,1,1,2,1,1,1,2,1,1,1,1
29,1,1,1,2,1,2,1,2,1,1,1,2,1,2,1
30,1,2,1,1,1,2,1,2,0,1,2,1,2,1,2
31,1,1,1,1,1,2,2,2,2,1,1,1,2,1,2
32,1,1,1,1,1,2,1,2,1,2,1,1,1,2,1
33,1,1,1,1,1,1,1,1,1,1,1,2,1,1,1
34,1,1,1,1,1,1,2,2,1,1,1,2,1,1,1
35,1,1,1,1,1,2,2,2,1,1,1,1,2,2,1
36,1,1,1,1,1,2,2,2,2,2,2,1,2,1,1
37,1,1,1,1,1,1,1,0,2,1,2,1,1,2,1
38,1,1,1,1,1,2,1,1,1,1,2,2,2,1,1
39,1,1,1,1,1,2,1,2,0,1,1,1,2,1,2
40,1,1,1,1,1,2,2,2,2,2,1,1,2,0,1
41,1,1,1,1,1,0,2,2,2,2,2,2,2,2,1
42,1,2,1,1,1,2,2,1,2,2,2,1,1,2,2
43,1,1,1,1,2,2,1,1,1,1,1,2,2,2,2
44,1,1,1,1,1,2,2,2,2,2,2,0,1,1,1
45,1,1,1,1,1,1,2,1,2,1,2,2,1,1,2
46,1,1,1,1,1,2,2,2,2,2,2,1,2,2,1
47,0,1,1,1,1,2,2,2,2,1,2,1,1,2,2
48,1,1,1,1,1,2,1,1,1,1,2,1,1,2,1
49,1,1,1,1,1,2,2,2,1,1,1,1,1,1,1
50,1,1,1,1,1,1,2,2,2,1,1,2,1,1,1
51,1,1,1,1,1,2,1,2,2,1,1,2,1,1,2
52,1,1,1,1,1,2,1,1,1,1,1,1,1,1,1
53,1,1,1,1,1,2,1,1,2,2,1,1,0,2,2
54,1,1,1,1,1,2,1,2,1,1,1,1,1,1,1
55,1,2,1,1,1,2,2,2,2,1,1,1,1,2,1
56,1,1,1,1,1,2,2,1,2,1,1,0,2,2,2
57,1,1,1,1,1,1,1,2,2,1,1,2,1,1,1
58,0,1,1,1,1,0,1,2,2,2,2,0,1,2,2
59,1,1,1,1,1,2,2,1,1,1,2,1,2,1,1
60,2,2,1,1,1,2,1,1,2,2,1,2,1,1,1
61,2,1,1,1,1,2,2,1,1,2,2,2,1,1,1
62,1,1,1,1,1,1,1,1,2,1,2,1,2,1,2
63,1,1,1,1,1,2,2,2,2,1,1,0,1,1,2
64,1,1,1,1,1,2,1,2,2,1,1,2,1,1,2
65,1,1,1,1,1,2,2,1,2,1,1,1,1,2,1
66,1,2,1,1,1,1,2,1,1,1,1,2,2,1,2
67,1,1,1,1,2,1,0,2,1,1,2,1,1,1,2
68,1,1,1,1,1,2,1,1,2,2,2,1,0,2,1
69,1,1,1,1,1,1,2,2,2,1,1,1,2,2,2
70,1,1,1,1,1,2,1,2,1,2,1,0,2,1,0
71,1,1,1,1,1,2,1,2,1,1,1,1,2,2,1
72,1,1,1,1,1,1,2,1,2,1,1,1,1,2,1
73,1,1,1,1,1,2,1,2,1,2,1,2,1,2,1
74,1,1,1,1,1,2,1,2,2,1,1,1,1,1,2
75,1,1,1,1,1,1,1,2,2,1,1,2,2,2,1
76,1,1,1,1,1,2,1,1,2,1,1,1,0,2,1
77,1,1,1,1,1,1,0,1,0,2,2,1,1,1,2
78,1,1,2,1,1,0,1,2,1,1,2,1,2,2,0
79,1,1,1,1,1,1,2,2,2,2,1,1,1,2,2
80,1,1,1,1,1,2,1,1,2,2,2,1,2,2,2
81,1,2,1,1,1,2,1,2,2,1,1,2,1,1,2
82,1,1,1,1,1,2,1,2,2,2,1,1,2,2,1
83,1,1,1,1,1,0,1,1,2,0,2,1,1,2,2
84,1,1,1,1,1,2,1,2,2,0,1,2,2,2,2
85,1,1,1,1,1,0,2,1,2,2,1,1,2,1,1
86,1,1,1,1,1,2,1,2,1,1,1,1,1,1,2
87,1,1,1,1,1,2,2,1,2,2,2,2,1,1,2
88,1,1,1,1,1,2,2,2,1,2,1,1,2,0,2
89,1,1,1,1,1,2,2,1,1,2,2,1,1,2,2
90,1,1,2,1,1,1,2,2,1,1,1,2,1,2,2
91,1,1,1,1,1,2,2,2,2,1,2,1,1,1,2
92,1,1,1,1,1,2,2,1,2,1,1,1,2,1,2
93,1,2,1,1,1,2,1,1,2,2,2,2,2,1,2
94,1,1,1,1,1,2,2,2,2,1,1,1,2,1,1
95,1,1,1,1,1,2,1,2,0,1,1,1,1,1,1
96,1,2,1,1,1,0,2,2,1,1,1,1,2,1,1
97,1,1,1,1,1,2,1,1,2,1,1,1,1,2,2
98,1,1,1,1,1,2,1,2,2,1,1,1,2,1,1
99,1,1,1,1,1,1,1,1,2,1,2,1,1,1,1
100,1,1,1,1,1,2,2,1,1,1,1,1,1,2,2
101,1,1,1,1,2,2,1,1,2,2,2,2,2,2,2
102,1,1,1,1,1,0,2,1,1,1,1,1,0,1,2
103,1,1,1,1,1,1,2,1,2,2,2,2,1,2,1
104,1,1,1,1,1,2,2,2,1,1,1,1,0,1,2
105,1,2,1,1,1,2,1,2,2,1,1,1,2,0,1
106,1,1,1,1,1,1,2,2,2,1,1,0,1,2,1
107,1,1,1,1,1,2,1,1,2,1,1,0,2,1,2
108,1,1,1,1,1,2,1,1,1,1,2,1,1,2,1
109,1,2,1,2,1,2,2,1,2,2,1,1,2,1,2
110,1,1,1,2,1,0,1,1,1,1,2,1,1,0,1
111,1,2,1,1,1,2,1,2,2,2,1,1,2,1,2
112,1,1,1,1,1,2,2,2,1,1,1,1,1,1,2
113,1,1,1,1,1,1,1,1,2,1,1,1,0,1,1
114,1,2,1,1,1,2,1,1,1,2,2,2,1,2,2
115,1,1,1,1,1,2,2,1,2,1,2,1,0,1,1
116,1,0,1,1,1,2,2,2,2,1,1,2,1,1,2
117,1,1,1,1,1,2,2,1,2,2,1,1,1,1,1
118,1,2,1,1,1,2,2,1,1,1,1,1,1,1,2
119,1,1,1,1,1,1,1,1,1,1,1,1,2,2,2
120,1,1,1,1,1,2,1,1,2,1,1,1,2,1,2
121,1,1,1,1,1,2,2,2,2,1,1,1,1,2,1
122,1,1,1,1,1,2,0,1,2,2,2,1,2,2,1
123,2,1,1,1,1,2,2,1,1,2,1,1,2,2,2
124,1,1,1,1,1,2,2,1,2,1,2,1,1,2,2
125,1,1,1,1,1,2,2,1,1,1,2,1,2,1,2
126,1,1,1,1,1,1,1,2,2,2,1,1,1,2,1
127,1,1,1,1,1,2,1,1,1,0,1,1,0,1,2
128,1,1,2,1,1,2,2,2,2,1,1,1,2,0,2
129,1,1,1,1,1,2,1,2,1,2,2,1,2,1,1
130,1,1,1,1,1,1,2,2,1,1,2,1,1,1,1
131,1,1,1,1,1,1,1,1,0,0,2,2,2,1,1
132,1,1,1,1,1,2,2,2,2,1,1,1,1,1,2
133,1,1,1,1,1,1,1,2,2,1,1,1,1,1,1
134,1,1,1,1,1,1,1,1,2,1,1,2,1,2,2
135,1,1,1,1,1,2,2,1,2,1,2,2,2,1,2
136,1,1,1,1,1,2,2,1,1,1,1,1,1,2,1
137,1,1,1,1,1,2,2,1,1,1,2,1,1,1,1
138,1,1,1,1,1,2,2,1,2,2,2,1,2,2,2
139,1,1,1,1,1,2,1,1,2,0,2,2,2,1,2
140,1,1,1,1,1,2,1,1,2,1,2,1,2,1,1
141,1,1,1,1,1,2,2,2,2,0,2,2,1,2,2
142,1,1,1,1,1,2,1,2,2,1,1,1,2,1,1
143,1,1,1,1,1,2,2,1,2,1,1,2,2,1,2
144,1,1,1,1,1,2,1,2,2,1,1,1,1,1,1
145,1,1,1,1,1,1,1,1,1,0,0,2,2,1,1
146,1,1,1,2,1,2,2,2,2,1,1,1,2,1,2
147,1,1,1,1,1,2,2,1,1,1,2,1,2,1,2
148,1,1,1,1,1,0,2,2,2,1,1,1,1,2,1
149,1,1,1,1,1,2,2,1,2,0,1,1,2,1,1
150,1,1,1,1,1,1,2,1,2,1,1,1,2,2,2
151,1,1,1,1,1,2,1,2,2,1,1,1,2,2,2
152,1,1,1,1,0,2,2,1,2,1,2,2,2,1,1
153,1,1,1,1,1,2,2,1,2,1,1,1,2,1,2
154,1,1,1,1,1,2,1,1,1,1,2,2,1,1,1
155,1,1,1,1,1,2,1,2,2,1,1,2,2,1,1
156,1,1,1,1,2,2,2,1,2,1,2,2,2,2,1
157,1,2,1,1,1,2,2,1,2,1,1,1,1,2,2
158,1,1,1,1,1,2,0,0,1,2,1,1,1,1,1
159,1,1,1,1,1,2,1,2,1,1,2,1,2,2,2
160,1,1,1,1,1,2,1,2,1,1,2,1,2,2,2
161,1,1,1,1,1,0,1,2,1,1,1,2,1,2,1
162,2,1,1,1,1,2,2,2,1,2,1,1,2,2,2
163,1,1,1,1,1,0,1,1,1,2,2,1,1,2,1
164,1,2,1,2,1,1,2,1,2,1,1,2,2,1,2
165,1,1,1,1,1,1,2,1,2,1,1,1,1,2,2
166,1,1,1,1,1,2,2,2,2,1,1,1,2,2,1
167,1,1,2,1,1,2,2,1,1,1,1,2,1,2,2
168,1,1,1,1,1,2,1,1,2,1,1,2,1,1,2
169,1,1,1,1,1,2,0,1,2,1,2,1,2,1,1
170,1,1,1,1,1,2,2,1,1,1,1,1,2,1,2
171,1,1,1,1,1,1,0,1,2,2,1,1,1,1,1
172,1,1,1,1,1,2,2,2,2,1,1,2,2,2,1
173,1,1,1,1,1,2,1,2,2,1,1,2,0,1,1
174,1,1,1,1,1,1,1,2,1,1,2,1,2,1,1
175,1,1,1,1,1,2,2,1,1,1,1,1,1,2,1
176,1,1,1,1,1,2,2,2,2,1,2,1,2,2,2
177,1,1,1,1,1,2,1,2,1,2,2,1,2,2,2
178,1,2,1,1,1,2,1,2,2,2,1,2,2,1,1
179,1,1,1,1,1,2,1,1,1,2,1,2,2,2,1
180,1,1,1,1,1,2,0,1,1,2,2,1,1,1,1
181,1,1,1,1,1,1,1,1,2,1,2,2,2,1,1
182,1,1,1,1,1,2,1,2,2,2,1,1,1,1,2
183,1,1,1,1,1,2,1,1,2,1,2,2,2,1,1
184,1,1,1,1,1,2,2,0,2,1,1,1,2,2,1
185,1,1,1,1,1,1,1,2,1,1,1,1,2,2,1
186,1,1,2,1,1,1,1,2,1,1,1,1,2,0,1
187,1,1,1,1,1,2,2,2,2,2,1,1,2,2,2
188,1,1,1,2,1,2,2,1,2,2,1,1,1,1,1
189,1,1,2,1,1,1,2,2,0,1,2,2,2,1,1
190,1,1,1,1,1,2,2,2,2,1,0,1,1,1,2
191,1,1,1,1,1,2,1,2,1,1,2,2,2,1,2
192,1,1,1,1,1,2,1,2,1,1,1,1,2,2,2
193,1,2,1,1,1,2,1,1,2,1,2,1,1,2,1
194,1,1,1,1,1,2,2,2,1,1,2,1,2,2,2
195,1,1,1,1,1,2,1,2,2,1,1,1,1,2,2
196,1,1,2,1,1,2,2,2,2,1,1,1,2,1,2
197,1,1,1,1,1,2,2,1,2,1,2,1,2,1,1
198,1,1,1,1,2,2,2,1,2,1,1,1,1,1,1
199,1,1,1,1,1,2,2,2,1,2,2,1,2,1,2
200,1,1,1,1,1,1,2,2,1,1,1,1,2,1,1
201,1,1,1,1,1,1,1,0,1,2,1,1,1,2,2
202,1,1,1,1,1,1,1,1,1,2,1,1,2,1,1
203,1,1,1,1,1,2,1,2,0,1,1,1,1,1,1
204,1,1,1,1,1,2,2,2,2,2,2,2,1,1,1
205,1,1,1,1,1,2,2,1,2,2,1,1,2,2,2
206,1,1,1,1,1,2,1,2,1,2,2,2,2,1,1
207,1,1,2,1,1,1,1,1,2,1,1,1,1,1,2
208,1,2,1,1,1,2,2,0,2,2,1,1,1,2,2
209,1,1,1,1,1,2,2,2,2,2,1,1,2,1,2
210,1,1,1,1,1,2,1,1,2,2,1,0,1,1,2
211,1,1,1,1,1,1,1,1,1,2,1,1,2,2,2
212,1,1,1,1,1,2,2,1,2,1,1,1,1,2,2
213,1,1,1,1,1,2,1,1,2,1,2,1,1,1,1
214,1,1,1,1,1,1,1,1,2,1,2,1,1,1,1
215,1,1,1,1,1,1,2,1,2,0,2,1,2,1,2
216,1,1,1,1,1,1,1,1,2,1,1,2,1,2,1
217,1,1,1,1,1,2,2,1,1,1,1,1,1,2,1
218,1,1,1,1,1,1,1,1,2,1,2,1,2,1,1
219,1,1,1,1,1,1,1,2,1,2,1,1,2,2,0
220,1,1,1,1,1,2,1,2,2,1,2,2,1,2,1
221,1,1,1,1,1,1,2,1,1,1,2,0,2,2,2
222,1,1,1,1,1,1,2,1,1,0,2,2,2,1,1
223,1,2,1,1,1,2,2,2,1,1,2,1,2,2,2
224,1,1,1,1,1,1,2,2,2,1,1,2,1,1,2
225,1,1,1,1,1,2,0,2,1,1,1,1,2,1,1
226,1,1,1,1,1,1,0,1,1,1,1,1,0,2,2
227,1,1,1,1,2,2,2,2,1,1,1,1,0,2,1
228,1,1,1,1,1,2,1,2,2,1,2,1,2,1,2
229,1,1,1,1,1,1,2,2,2,1,1,1,1,1,1
230,1,1,1,1,1,1,1,1,1,2,1,1,2,2,1
231,1,1,1,1,1,2,1,1,1,1,1,1,1,1,2
232,1,1,1,1,1,1,1,1,1,2,2,1,2,1,1
233,1,1,1,1,1,2,1,2,1,1,2,1,0,2,2
234,1,1,1,1,1,1,2,0,2,1,1,2,0,1,1
235,1,1,1,1,1,2,1,1,1,1,1,2,1,2,2
236,1,1,1,1,1,2,2,1,1,1,2,1,2,0,2
237,1,1,1,0,1,1,1,1,2,1,1,1,0,1,2
238,1,1,1,1,1,2,1,1,1,2,1,2,2,2,2
239,1,1,1,1,1,2,1,2,2,1,1,1,1,1,2
240,1,1,1,1,1,1,2,2,1,2,2,1,2,1,1
241,1,1,1,1,1,2,2,2,0,1,2,2,2,1,1
242,1,1,1,1,1,1,1,1,2,0,2,1,2,2,2
243,1,1,1,1,1,1,2,2,1,2,1,1,0,2,2
244,1,1,1,1,1,2,1,1,2,1,2,2,2,0,1
245,1,1,1,1,1,2,1,2,2,1,1,2,1,1,2
246,1,1,1,1,1,2,2,1,2,1,2,1,2,2,1
247,1,1,1,1,1,2,2,2,1,1,1,1,1,2,2
248,1,1,1,1,1,2,2,1,1,1,2,1,2,1,1
249,1,2,1,1,1,2,2,1,1,2,2,1,1,1,2
250,2,1,1,1,1,2,1,2,1,1,1,2,1,2,2
251,1,1,1,1,1,2,2,1,1,2,1,1,1,2,2
252,1,1,1,1,1,2,2,0,2,2,1,1,1,1,1
253,1,1,1,1,1,2,1,1,2,1,0,2,1,1,1
254,1,1,1,1,1,2,1,2,1,1,1,1,1,1,2
255,1,1,1,1,1,1,2,2,2,1,2,1,2,1,1
256,1,1,1,1,1,2,2,2,2,1,1,1,2,2,2
257,1,1,1,0,1,2,2,2,1,2,1,2,2,2,2
258,1,1,1,1,1,2,2,1,1,2,1,2,1,2,2
259,1,1,1,1,1,1,1,2,2,1,1,1,1,2,1
260,2,1,1,1,1,2,2,0,2,1,2,2,2,1,1
261,1,1,1,1,1,1,1,1,1,2,1,1,1,2,1
262,1,1,1,1,1,2,2,2,2,1,1,1,1,2,1
263,1,1,1,1,1,2,1,1,1,2,1,1,1,1,2
264,1,1,1,1,1,1,2,2,1,1,1,2,2,1,1
265,1,1,1,1,1,1,1,2,1,2,2,1,1,1,1
266,1,1,1,1,1,2,1,2,2,1,1,2,2,2,2
267,1,2,1,1,1,1,1,1,1,2,1,1,2,2,2
268,1,1,1,1,1,2,2,2,2,2,1,1,1,1,2
269,1,2,1,1,1,2,2,1,1,2,2,2,0,2,2
270,1,1,1,1,1,2,2,2,1,2,1,1,2,2,1
271,1,1,1,1,1,2,2,2,2,1,2,1,1,2,1
272,1,1,1,1,1,1,1,1,2,1,1,1,1,2,1
273,1,2,1,1,1,2,1,2,2,2,2,1,1,2,2
274,1,1,1,1,1,1,2,1,1,1,1,1,2,2,1
275,1,1,1,1,1,2,2,2,2,1,2,1,2,1,0
276,1,1,1,1,1,2,1,2,2,1,1,1,1,1,2
277,1,1,1,1,1,2,2,2,2,2,2,1,2,1,2
278,1,1,1,1,1,1,2,1,2,1,1,1,2,2,1
279,1,1,1,1,1,2,1,1,1,2,1,1,2,2,1
280,1,1,1,1,1,2,1,2,2,2,0,1,2,1,2
281,1,1,1,1,1,2,1,2,2,1,2,1,1,2,1
282,1,1,1,1,2,2,2,2,2,1,1,1,1,2,1
283,1,1,1,1,1,1,1,2,2,1,1,1,2,1,2
284,1,1,1,1,2,2,1,2,1,1,0,1,1,2,2
285,1,1,1,1,1,2,1,2,2,1,2,1,1,1,0
286,1,1,1,1,1,1,2,1,1,2,2,2,0,1,2
287,1,1,1,1,1,2,2,1,2,2,2,1,1,1,2
288,1,1,1,1,1,2,1,2,1,1,1,2,1,1,1
289,1,1,1,1,1,2,1,0,1,1,1,1,2,2,1
290,1,1,1,1,1,0,2,1,2,1,1,1,1,0,2
291,1,1,1,1,1,2,2,1,2,1,2,1,1,1,1
292,1,1,1,1,1,2,1,2,2,1,1,2,1,0,1
293,1,1,1,1,1,2,1,1,2,1,1,2,2,2,1
294,1,1,1,1,1,2,1,1,1,1,2,1,1,2,1
295,1,1,1,1,1,2,1,1,2,1,1,2,1,0,2
296,1,1,1,1,1,2,0,2,2,1,1,1,2,2,2
297,1,1,1,1,1,2,1,1,1,1,1,2,2,2,2
298,1,1,1,1,1,1,2,1,1,1,2,2,1,1,2
299,1,1,1,1,1,2,2,1,2,2,1,1,2,1,2
300,1,1,1,1,1,2,2,1,1,1,1,1,2,1,2
301,1,1,1,1,1,2,2,1,2,1,1,2,1,2,2
302,1,1,1,1,1,2,1,1,2,2,2,1,1,2,1
303,1,1,1,1,1,2,1,2,0,1,1,1,1,2,1
304,1,1,1,1,1,2,1,1,2,1,2,1,2,1,2
305,1,1,1,1,2,2,2,1,2,1,1,2,1,2,2
306,1,1,1,1,1,1,2,2,1,1,1,1,1,1,1
307,1,1,1,1,1,2,2,2,2,2,1,1,1,1,1
308,1,1,1,1,1,2,2,2,2,1,2,1,2,1,1
309,1,1,1,1,1,2,1,1,2,1,1,2,0,2,1
310,1,1,1,1,1,2,1,2,1,2,1,2,1,1,1
311,1,2,1,1,1,2,2,1,1,1,1,2,2,2,1
312,1,1,1,1,1,2,1,2,1,0,2,2,1,1,1
313,1,1,1,1,1,2,2,1,2,1,2,1,2,1,2
314,1,1,1,1,1,1,2,1,2,2,1,2,1,1,1
315,1,1,1,1,1,2,2,2,1,2,1,1,1,2,1
316,1,1,1,1,1,2,1,2,2,1,2,2,2,2,1
317,1,1,1,1,1,1,2,2,1,2,1,2,1,2,1
318,1,1,1,1,1,2,1,2,1,1,1,1,1,1,1
319,1,2,1,1,1,2,2,1,1,1,1,1,2,2,2
320,1,1,1,1,1,1,2,2,1,1,1,0,1,1,1
321,1,1,1,1,1,1,2,2,1,1,1,1,2,2,0
322,1,1,0,1,1,1,1,2,1,1,1,0,2,1,2
323,1,1,1,1,1,2,1,2,2,1,1,1,2,1,1
324,1,1,1,1,1,1,2,2,1,2,1,1,2,1,1
325,1,1,1,1,1,1,2,2,2,2,1,1,1,1,2
326,1,1,1,1,1,2,1,2,1,1,1,2,2,1,0
327,1,1,1,1,1,2,1,1,1,2,0,1,1,1,1
328,1,1,1,1,1,1,1,1,1,1,2,2,2,1,1
329,1,1,1,1,1,2,1,0,2,1,1,1,2,2,1
330,1,1,1,1,1,2,2,1,1,1,1,1,2,2,1
331,1,1,1,1,1,2,1,0,1,1,1,1,1,2,2
332,1,1,2,1,1,1,1,1,1,1,1,1,2,2,1
333,1,1,1,1,1,1,1,1,1,2,1,1,2,1,2
334,1,2,1,1,1,2,2,1,2,0,1,1,2,1,1
335,1,1,1,1,1,2,1,2,1,1,1,1,1,2,1
336,1,1,1,1,1,1,1,1,2,2,2,1,1,2,1
337,1,1,1,1,1,1,1,1,1,2,1,1,1,2,2
338,1,1,2,1,1,1,1,1,1,1,1,1,2,2,1
339,1,1,1,1,0,2,2,2,1,1,2,1,2,2,1
340,1,1,1,1,1,2,1,2,2,1,2,2,2,1,2
341,1,1,1,1,1,1,2,1,2,1,1,1,2,1,2
342,1,1,1,1,1,2,2,1,2,1,2,1,1,1,0
343,1,1,2,1,1,1,2,2,2,2,1,1,1,2,1
344,1,1,1,1,1,2,1,2,2,1,1,2,2,2,1
345,1,1,1,1,1,2,2,1,1,2,1,1,1,1,1
346,1,1,1,1,1,2,1,2,2,2,1,2,1,2,2
347,1,1,1,1,1,1,2,1,2,1,1,2,1,2,1
348,1,1,1,1,1,2,2,1,1,1,2,1,2,1,1
349,1,1,1,1,1,2,1,1,1,2,1,1,1,2,1
350,1,1,1,1,1,2,0,0,1,1,1,1,1,1,1
351,1,1,1,1,1,1,2,1,2,1,1,1,1,1,1
352,1,1,1,1,1,2,0,2,1,1,1,1,1,1,2
353,1,1,1,1,1,2,1,1,1,1,1,2,1,2,1
354,1,1,1,1,1,2,2,1,2,1,1,2,1,2,1
355,1,1,1,1,1,2,2,1,1,1,2,1,1,2,1
356,1,1,1,1,1,2,2,1,2,1,2,1,1,2,2
357,1,1,1,1,1,2,1,1,2,2,1,1,2,2,1
358,1,1,1,1,1,1,2,2,2,1,1,1,2,1,1
359,1,1,1,1,1,1,2,1,2,1,1,1,2,1,2
360,1,1,1,1,1,2,2,1,2,2,2,1,1,1,2
361,1,1,1,1,1,2,1,1,0,1,2,1,1,1,1
362,1,1,1,2,1,1,2,2,2,1,1,1,2,2,2
363,1,1,1,1,1,2,2,1,2,1,2,1,1,1,1
364,1,1,1,1,1,1,2,2,2,1,1,1,1,1,1
365,1,1,1,1,1,2,1,2,2,1,1,1,2,1,1
366,1,1,1,1,1,2,2,2,2,1,1,1,2,1,1
367,1,1,1,1,1,1,0,2,1,1,1,2,2,1,2
368,1,1,1,1,1,2,2,2,1,2,1,2,1,0,1
369,1,1,1,1,1,2,2,1,1,2,1,2,1,1,1
370,1,1,0,1,1,1,1,1,2,1,2,1,2,2,1
371,1,1,1,1,1,1,0,1,2,1,2,1,1,1,2
372,1,1,1,1,1,2,2,1,2,2,1,1,0,2,1
373,1,1,1,1,1,2,1,1,1,2,1,1,2,1,1
374,1,1,1,1,1,2,1,2,1,1,2,1,1,2,1
375,1,1,1,1,1,2,1,2,2,1,1,1,1,1,1
376,1,1,1,1,1,2,1,2,2,1,2,1,2,2,2
377,1,1,1,1,1,1,1,1,1,1,2,1,2,1,1
378,1,1,1,1,1,2,1,1,1,2,1,2,2,1,2
379,1,1,0,1,1,2,1,1,2,1,1,2,1,2,2
380,1,1,1,1,1,2,0,1,2,2,0,1,1,1,2
381,1,2,1,1,1,2,0,1,2,2,1,1,1,1,2
382,1,1,1,1,1,1,1,2,2,1,1,2,1,2,2
383,1,1,1,1,1,2,1,2,2,1,1,1,2,0,2
384,1,1,1,1,1,1,1,2,2,1,1,1,2,0,1
385,1,2,1,1,1,2,1,2,2,2,1,2,2,1,2
386,1,1,1,1,1,2,1,2,1,1,1,1,2,1,2
387,1,1,2,1,1,2,2,1,2,2,2,1,1,2,1
388,1,1,1,1,1,2,2,2,1,1,2,2,2,1,2
389,1,1,2,1,1,2,1,2,2,2,1,2,2,1,2
390,1,1,1,1,1,2,1,1,1,1,1,1,1,2,0
391,1,1,1,1,1,2,1,1,1,2,1,1,2,1,1
392,1,1,1,1,1,2,2,2,2,1,1,0,2,2,2
393,1,1,1,1,1,1,1,2,1,1,1,1,2,2,1
394,2,1,1,1,1,2,1,0,0,2,2,1,1,2,2
395,1,1,1,1,1,2,1,0,1,1,2,2,2,2,1
396,1,1,1,1,1,0,2,2,1,1,2,1,1,2,2
397,1,2,1,1,1,2,2,0,1,1,1,1,1,2,2
398,1,1,1,1,1,2,1,2,1,2,2,1,2,1,2
399,1,1,1,1,1,2,2,1,2,2,1,0,1,1,2
400,1,1,1,1,1,1,2,1,2,1,1,1,1,2,1
401,1,1,1,1,1,2,2,2,1,1,1,1,2,1,1
402,1,1,1,1,1,1,0,2,2,1,2,1,1,2,2
403,1,1,1,1,1,1,1,1,1,1,1,1,2,1,0
404,1,1,1,1,0,1,2,2,1,2,2,2,1,1,1
405,1,1,1,1,1,1,2,2,2,1,2,1,1,1,1
406,1,1,1,1,1,2,2,1,1,1,1,2,1,1,2
407,1,1,1,1,1,1,2,2,1,1,1,1,2,1,0
408,1,1,1,1,1,2,2,1,1,1,2,1,0,0,2
409,1,1,1,1,1,1,1,1,1,1,2,1,1,2,2
410,1,1,1,1,1,1,2,2,0,2,2,1,0,1,1
411,1,1,1,1,1,2,1,2,2,1,2,1,2,1,1
412,1,1,1,1,1,2,1,2,1,2,1,2,2,2,2
413,1,1,1,1,1,1,1,2,1,2,1,1,2,1,1
414,1,2,1,1,1,2,2,1,0,1,1,1,2,1,1
415,2,1,1,1,1,1,2,1,1,1,2,0,1,0,1
416,1,1,1,1,1,2,1,1,2,1,2,1,2,1,2
417,1,1,1,1,1,2,2,2,2,1,1,1,1,0,0
418,1,1,1,1,1,0,2,1,2,1,1,1,2,2,1
419,1,1,1,1,1,2,2,1,2,2,1,1,2,2,1
420,2,1,1,1,1,2,1,1,1,1,1,2,2,2,2
421,1,1,1,1,1,2,1,2,2,2,1,1,1,2,1
422,1,1,1,1,1,1,2,1,1,2,2,1,2,1,1
423,1,1,1,1,1,2,1,1,2,1,1,1,1,2,1
424,1,1,1,1,1,2,0,2,2,1,1,1,2,2,1
425,1,1,1,1,2,2,2,1,2,1,1,1,2,2,2
426,1,1,1,1,1,2,1,2,2,1,2,1,2,1,2
427,1,1,1,1,1,2,1,2,2,1,2,1,0,2,1
428,1,1,1,2,1,1,2,2,2,1,1,1,1,1,2
429,1,1,1,1,1,2,2,2,2,2,1,2,1,1,2
430,1,1,1,1,1,1,1,2,1,2,1,2,1,1,2
431,1,1,1,1,1,2,2,2,1,1,2,1,2,2,2
432,1,1,1,1,1,2,1,2,2,1,2,1,2,2,2
433,1,1,1,1,1,1,2,2,2,1,2,1,1,1,2
434,1,1,0,1,2,2,2,2,2,2,1,0,2,2,0
435,1,1,1,1,1,1,2,2,1,1,1,1,1,2,1
436,1,1,1,1,1,2,2,1,2,1,2,1,2,1,2
437,1,1,1,1,1,2,1,2,1,1,1,1,2,1,2
438,1,2,1,1,1,1,1,2,1,2,1,1,1,2,1
439,1,1,1,1,1,1,1,1,2,2,1,1,1,1,1
440,1,1,1,1,1,1,1,1,2,2,1,1,1,1,1
441,1,1,1,1,1,2,2,2,1,1,1,1,0,1,1
442,1,1,1,1,1,2,2,2,0,1,1,1,2,2,1
443,1,1,1,1,1,2,1,2,2,2,1,2,2,1,1
444,1,1,1,1,1,2,2,1,0,1,1,2,2,1,1
445,1,1,1,1,2,1,2,1,1,1,1,1,0,2,1
446,1,1,2,1,1,1,2,0,2,2,2,2,1,1,1
447,1,1,1,1,1,2,2,2,2,2,1,2,1,0,2
448,1,2,1,1,1,1,0,1,2,1,0,2,2,2,2
449,1,1,1,1,1,2,1,1,1,0,2,1,2,0,1
450,1,1,1,1,1,2,2,2,1,1,1,2,2,1,1
451,1,1,1,1,1,1,2,1,1,2,2,2,2,1,1
452,1,1,1,1,1,2,2,1,1,1,1,2,2,1,1
453,1,1,1,1,1,2,2,2,1,1,1,1,2,2,2
454,1,1,1,1,1,2,2,2,1,1,1,1,1,2,0
455,1,2,1,2,1,2,2,2,1,1,2,1,2,1,2
456,1,1,2,0,1,2,2,1,1,1,2,1,2,1,2
457,1,1,1,1,1,0,0,2,1,1,1,2,1,1,1
458,1,1,1,1,1,2,1,1,1,1,2,2,1,1,1
459,1,1,1,1,1,1,1,1,1,2,1,2,1,1,1
460,1,1,1,1,1,2,2,2,2,1,1,1,1,1,1
461,1,1,1,1,1,2,2,1,2,1,2,1,2,1,0
462,1,2,1,1,1,2,2,1,2,1,1,1,1,1,2
463,1,1,1,2,1,2,1,1,2,1,2,1,2,2,2
464,1,1,1,1,1,1,2,2,1,2,1,1,2,2,1
465,1,1,1,1,1,2,2,2,1,2,0,1,1,2,1
466,1,1,1,1,1,2,2,2,1,1,1,1,2,1,0
467,1,1,1,1,1,2,1,1,1,1,1,1,1,2,2
468,1,1,1,1,1,2,2,1,2,1,1,1,1,1,2
469,1,1,1,1,1,2,2,2,2,1,1,2,2,2,2
470,1,1,1,1,1,2,2,2,2,1,1,1,1,1,2
471,1,1,1,1,1,2,1,1,1,1,1,1,1,1,2
472,1,1,1,1,1,2,1,2,1,1,1,1,2,1,1
473,1,1,1,1,1,2,2,1,1,2,1,1,1,2,2
474,1,1,1,1,1,2,1,2,2,2,1,1,1,1,2
475,1,1,1,1,1,2,1,2,1,1,2,1,1,1,1
476,1,1,1,1,1,2,2,2,2,1,2,1,1,2,2
477,1,1,1,1,1,2,0,1,1,1,2,1,1,2,2
478,1,1,1,1,1,2,2,2,2,1,1,1,1,2,1
479,1,1,1,1,1,2,2,2,1,1,2,1,1,2,1
480,1,1,1,1,1,2,2,1,1,1,1,1,0,1,0
481,1,1,1,1,1,2,1,1,2,1,1,2,2,1,1
482,1,1,1,1,1,2,1,1,2,2,1,1,1,1,2
483,1,1,1,1,1,2,2,1,1,2,1,1,2,2,1
484,1,1,1,1,1,2,2,1,2,1,1,2,1,2,1
485,1,1,1,1,1,1,1,0,2,2,1,2,1,1,1
486,1,1,1,1,1,2,1,1,1,1,2,1,1,1,1
487,1,1,1,1,1,2,2,1,1,1,1,1,1,0,2
488,1,1,1,1,1,1,1,2,1,1,1,2,1,1,2
489,1,1,1,1,1,2,1,1,1,2,1,2,2,1,2
490,1,1,1,1,1,2,2,2,2,2,1,2,2,2,2
491,1,1,1,1,1,2,2,0,2,2,2,1,2,1,1
492,1,1,1,1,1,2,2,1,1,1,1,1,1,1,2
493,1,1,1,1,1,1,1,2,1,1,1,2,2,2,2
494,1,1,1,1,1,2,2,0,2,2,1,2,2,1,1
495,1,1,1,1,2,2,1,1,1,1,1,1,1,1,0
496,1,1,1,1,1,2,2,1,1,1,2,1,2,2,2
497,1,1,1,1,1,2,1,1,1,1,2,1,2,1,1
498,1,1,1,1,1,1,2,1,2,2,1,1,2,1,1
499,1,1,1,1,1,2,1,1,1,1,2,2,1,2,1
500,1,2,1,1,1,2,2,2,2,1,1,2,2,0,1
501,1,1,1,1,1,1,1,1,2,2,1,1,0,1,1
502,1,2,1,1,1,2,2,2,2,1,1,1,1,1,1
503,1,1,1,1,1,1,1,0,1,1,1,1,2,1,1
504,1,1,1,1,1,2,1,1,2,2,1,1,2,1,1
505,1,1,1,1,1,2,2,2,2,1,1,2,1,1,1
506,1,1,1,1,1,2,2,1,2,1,1,2,1,2,2
507,1,1,1,1,1,1,1,1,0,1,2,1,1,1,2
508,1,1,1,1,1,2,1,2,1,2,1,1,1,2,2
509,1,1,2,1,1,2,1,1,1,1,2,0,1,2,1
510,1,2,1,1,1,2,2,1,1,2,1,1,2,1,2
511,1,1,1,1,1,1,2,2,1,2,0,2,2,2,2
512,1,1,1,1,1,2,2,1,2,1,1,1,2,1,2
513,1,1,1,1,1,2,1,1,1,2,1,2,2,1,2
514,1,1,1,1,1,1,2,2,1,0,1,1,2,1,2
515,1,1,1,1,1,1,1,1,1,2,2,1,1,1,2
516,1,1,1,1,1,2,1,1,1,1,1,1,2,1,2
517,1,0,1,1,1,1,1,2,2,2,1,1,2,1,1
518,1,1,1,1,1,2,2,2,1,1,1,2,2,2,1
519,1,1,1,1,1,2,1,2,2,1,1,1,2,2,2
520,1,1,1,1,1,2,1,2,2,1,2,1,2,2,2
521,1,1,1,1,1,1,1,1,2,1,2,2,2,2,1
522,2,1,1,2,1,2,1,1,1,1,1,1,2,1,2
523,1,1,1,1,1,2,2,1,1,1,2,1,1,1,1
524,1,2,1,1,1,2,2,1,2,0,2,1,2,1,2
525,1,1,1,1,1,2,2,1,0,1,1,1,2,1,1
526,1,1,1,1,1,1,1,1,2,1,1,2,1,2,1
527,1,1,1,1,1,1,2,1,1,1,1,1,1,1,1
528,1,1,1,1,1,1,2,2,1,1,1,2,2,1,1
529,1,1,1,1,1,1,2,2,1,2,2,1,1,1,2
530,1,1,1,1,1,2,1,2,1,2,1,1,1,2,1
531,1,1,1,1,1,2,1,1,1,1,2,1,2,1,2
532,1,1,1,1,1,2,1,1,1,2,2,1,2,1,2
533,1,1,1,1,1,2,1,1,1,1,2,2,2,2,2
534,1,1,1,1,1,1,2,1,2,2,1,1,2,2,1
535,1,1,1,1,1,2,1,1,1,2,2,1,1,1,1
536,1,1,1,1,1,2,1,1,1,1,1,1,1,2,2
537,1,1,1,1,1,2,1,1,2,1,1,1,1,1,2
538,1,1,1,1,1,2,1,2,2,1,1,1,1,1,1
539,1,1,1,1,1,1,2,2,1,1,1,1,2,1,2
540,1,1,1,1,1,2,2,1,1,1,2,1,2,1,2
541,1,1,1,1,1,1,1,2,1,2,1,1,1,1,1
542,1,1,1,1,1,2,2,2,2,2,1,1,1,1,1
543,1,1,1,1,1,1,2,2,2,1,2,1,2,2,2
544,1,1,1,1,1,2,2,2,2,0,2,1,2,2,1
545,1,1,1,1,1,1,0,1,1,1,2,2,2,1,1
546,1,1,1,1,1,2,2,1,1,2,2,2,0,2,2
547,1,1,1,1,1,2,2,2,1,2,2,2,2,1,2
548,1,1,1,1,1,2,1,1,2,1,1,1,2,2,2
549,1,1,1,1,1,2,2,2,2,2,2,1,1,2,1
550,1,1,1,1,1,2,0,2,1,1,1,1,1,1,1
551,1,1,1,1,1,2,1,2,1,1,2,2,2,2,1
552,1,1,1,1,1,2,2,1,2,2,1,1,1,1,1
553,1,1,1,1,1,2,1,2,2,2,1,2,0,1,1
554,2,1,1,1,1,2,1,2,1,1,1,1,1,2,1
555,1,1,2,1,1,2,2,1,2,1,1,1,2,2,1
556,1,1,1,1,1,2,1,2,2,2,1,2,1,2,2
557,1,1,1,1,1,2,0,1,2,1,2,1,2,1,2
558,1,1,1,1,1,2,2,2,2,1,2,1,2,1,1
559,1,1,1,1,1,1,1,2,2,1,2,1,2,2,1
560,1,1,1,1,1,2,2,2,2,2,1,1,1,2,1
561,1,1,1,1,1,2,2,2,2,1,1,2,0,2,2
562,1,1,1,1,1,1,1,1,2,1,2,1,2,2,1
563,1,1,1,1,1,2,2,1,1,1,2,2,2,1,1
564,1,1,1,1,1,1,2,1,1,1,1,1,1,2,1
565,1,1,1,1,1,2,2,1,1,1,1,1,1,1,2
566,1,1,1,1,1,2,2,2,2,1,2,1,2,1,2
567,1,1,1,1,1,2,2,2,1,1,1,2,2,1,2
568,1,1,1,1,1,2,2,2,1,1,1,1,1,1,2
569,1,1,1,1,1,2,2,2,1,1,2,2,2,2,2
570,1,1,1,1,1,2,1,2,2,1,1,2,1,1,2
571,1,1,1,1,1,2,2,1,1,1,1,1,2,1,1
572,1,1,1,1,1,2,1,2,1,1,1,1,2,0,1
573,1,1,1,0,1,2,1,2,2,2,1,2,2,1,2
574,1,1,1,1,1,2,1,2,1,1,2,1,1,2,1
575,1,1,1,1,1,2,1,1,1,1,2,1,1,2,1
576,1,1,1,1,1,2,1,1,1,1,2,2,2,1,2
577,1,1,1,1,1,1,2,1,1,1,0,1,1,2,1
578,1,1,1,1,1,2,1,1,2,1,1,2,1,1,1
579,1,1,1,1,1,2,2,0,2,2,1,1,2,1,2
580,1,1,1,1,1,1,1,1,2,1,1,1,2,1,1
581,1,1,1,1,1,2,1,1,1,1,1,1,1,2,1
582,1,1,1,1,1,0,1,1,1,1,1,1,0,2,0
583,1,1,1,1,1,1,0,2,2,1,1,2,2,1,2
584,1,1,1,1,1,2,2,2,1,1,1,1,1,1,1
585,1,2,1,1,1,1,1,1,1,2,1,1,0,1,1
586,1,1,1,1,1,1,1,1,0,1,1,1,1,2,2
587,0,1,1,1,1,2,1,2,2,1,1,2,2,1,2
588,1,1,1,1,1,1,1,2,1,1,1,1,2,2,2
589,1,1,1,1,1,2,2,2,2,1,1,1,2,2,2
590,1,1,1,1,1,2,1,1,2,1,1,1,1,1,2
591,1,1,1,1,1,1,2,1,1,1,2,2,2,2,1
592,1,1,1,1,1,2,1,1,2,1,1,1,2,2,1
593,1,1,1,1,1,2,2,2,2,1,1,1,1,1,2
594,1,1,1,1,1,2,2,2,1,1,1,1,1,2,1
595,1,1,1,1,1,1,2,1,2,1,1,1,2,2,1
596,1,1,1,1,1,2,1,1,2,1,2,2,1,2,1
597,1,1,1,1,1,1,2,1,2,1,1,1,2,1,1
598,1,1,1,1,1,1,2,2,2,1,1,2,2,2,2
599,1,1,1,1,1,2,2,1,2,1,1,1,1,2,2
600,2,1,1,1,1,2,2,2,1,1,1,1,2,1,2
601,1,1,1,1,1,2,1,1,2,2,1,2,1,2,2
602,1,1,1,1,1,1,1,2,2,1,1,1,2,2,1
603,1,1,1,2,1,1,1,1,1,2,2,1,2,1,1
604,1,1,2,1,1,2,0,2,1,1,1,1,2,1,2
605,1,1,1,1,1,2,2,1,1,2,1,1,1,1,1
606,1,1,1,1,1,2,1,2,0,2,2,0,1,2,1
607,1,1,1,1,1,2,1,1,1,1,2,2,1,1,1
608,1,1,1,1,1,2,2,2,1,1,2,1,1,2,1
609,1,0,1,1,1,1,1,1,1,0,2,1,1,2,1
610,1,1,1,1,1,2,1,2,1,1,2,2,1,1,2
611,1,1,1,1,1,1,1,2,2,1,1,1,1,2,1
612,1,1,1,1,1,2,1,2,1,1,1,1,2,2,2
613,1,1,1,1,1,2,1,2,1,2,1,1,1,1,1
614,1,1,1,1,1,1,1,1,1,2,1,1,2,2,1
615,1,1,2,1,1,2,2,2,2,1,1,1,2,2,1
616,1,2,1,1,1,2,1,2,2,2,1,1,2,0,1
617,1,1,2,1,1,2,2,1,2,1,2,1,2,2,1
618,1,1,2,1,1,2,1,1,1,1,1,1,2,1,2
619,1,1,1,1,1,2,1,1,2,1,1,2,1,2,2
620,1,1,1,1,1,1,1,2,1,0,2,1,2,2,2
621,1,1,1,1,1,2,2,1,1,2,2,1,1,1,2
622,1,1,1,1,2,2,1,1,2,1,1,1,1,1,1
623,1,1,1,1,1,2,1,1,0,1,1,1,1,2,1
624,1,1,1,1,1,2,1,1,1,0,2,1,0,1,2
625,1,1,1,1,1,2,2,2,1,1,1,1,2,1,2
626,1,1,1,1,1,2,2,1,1,1,1,2,2,2,2
627,1,1,1,1,1,2,2,2,2,1,1,2,1,1,1
628,1,2,1,1,1,2,1,2,2,1,2,2,1,2,2
629,1,1,1,1,1,1,2,1,2,1,2,1,2,1,2
630,1,1,1,1,1,2,1,2,0,1,2,1,2,2,1
631,1,1,1,1,1,2,1,1,2,2,1,1,1,1,2
632,1,1,1,1,1,1,1,1,2,1,1,1,2,1,2
633,1,1,1,1,1,2,2,1,1,1,1,2,1,1,1
634,1,1,1,1,1,2,1,1,2,2,1,1,2,2,1
635,1,1,1,1,1,2,1,1,1,1,1,1,2,1,1
636,1,1,1,1,1,2,1,2,2,1,2,0,2,1,2
637,1,1,1,1,1,2,2,1,0,1,1,1,2,2,1
638,1,1,1,1,1,2,2,2,1,1,1,1,2,1,1
639,2,1,1,1,1,1,2,1,2,2,1,2,1,1,2
640,1,1,1,1,1,2,1,1,2,2,2,1,2,1,1
641,1,1,1,1,1,1,2,0,1,1,1,1,1,2,1
642,1,1,1,1,2,1,1,1,2,1,2,1,1,1,2
643,1,1,1,1,1,1,1,2,1,0,1,1,1,2,2
644,1,2,1,1,1,1,2,2,1,2,1,2,1,2,2
645,1,1,1,1,1,2,2,2,1,1,1,1,2,2,0
646,1,1,1,1,1,2,1,1,1,1,1,1,2,1,1
647,1,1,1,1,1,1,0,1,2,1,2,1,1,1,0
648,1,1,1,1,1,2,2,1,2,1,1,1,2,0,1
649,1,1,1,1,2,1,2,1,2,2,1,2,2,2,1
650,1,1,1,1,1,2,2,2,2,1,2,1,2,1,1
651,1,1,1,1,1,1,0,1,2,1,1,1,2,2,2
652,1,1,1,1,1,2,2,1,1,1,0,1,1,2,1
653,1,1,1,1,1,1,2,1,1,1,1,1,2,1,2
654,1,1,1,1,1,2,1,1,1,2,1,0,2,1,2
655,1,1,1,1,1,2,1,1,2,1,1,2,1,2,2
656,1,1,1,1,1,2,1,2,1,0,1,1,1,1,2
657,1,1,1,2,1,2,1,2,1,2,1,1,2,2,1
658,1,1,1,1,1,0,2,2,2,2,1,1,2,1,1
659,1,1,1,1,1,2,1,2,1,2,1,2,2,2,1
660,1,1,2,1,1,2,1,0,1,1,2,1,2,2,2
661,1,1,1,1,1,2,1,1,1,2,1,1,2,1,2
662,1,1,1,1,1,2,1,2,1,1,1,1,2,1,1
663,1,1,1,1,1,1,1,1,0,1,1,0,2,1,1
664,1,1,1,1,1,2,1,1,1,1,2,2,2,2,1
665,1,1,1,1,1,2,1,1,2,1,1,1,1,0,1
666,1,1,1,1,1,2,2,2,0,2,2,1,2,1,1
667,1,1,1,1,1,2,2,2,1,1,1,1,1,1,2
668,1,1,1,1,1,2,1,1,1,2,2,1,2,2,1
669,1,1,2,1,1,2,1,1,0,1,2,1,1,2,1
670,1,1,1,1,1,2,2,2,2,1,2,1,2,2,2
671,1,1,1,1,1,1,1,2,2,2,1,1,1,2,2
672,1,1,1,1,1,2,2,2,1,1,1,1,1,1,2
673,1,1,1,1,1,1,2,2,1,1,1,2,1,1,2
674,1,1,1,1,1,2,1,1,1,1,1,1,2,1,1
675,1,1,1,1,1,2,2,2,1,1,1,2,0,1,2
676,1,1,1,1,1,2,2,1,1,2,2,1,2,2,2
677,1,1,1,1,1,1,1,1,2,2,2,0,1,2,1
678,1,1,1,1,1,1,2,1,2,1,2,2,2,1,1
679,1,1,1,1,1,2,1,2,1,1,1,1,1,1,1
680,1,1,1,1,1,2,2,1,2,1,1,2,2,2,1
681,1,1,1,1,1,1,1,1,2,1,1,2,1,2,1
682,1,1,1,1,1,1,2,1,2,2,1,1,1,1,2
683,1,1,1,1,1,1,1,1,1,1,1,1,2,1,2
684,1,1,1,1,1,1,1,2,1,1,2,1,2,1,2
685,1,1,1,1,1,1,1,2,1,1,1,1,1,2,2
686,1,1,1,1,1,2,1,0,1,1,2,1,1,1,2
687,1,1,1,1,1,2,2,2,1,1,1,1,1,2,2
688,1,1,1,1,1,1,2,1,1,1,2,2,1,1,1
689,1,1,1,1,1,2,2,1,1,1,2,1,2,2,1
690,1,1,1,1,1,2,1,2,2,1,1,1,1,2,1
691,1,1,1,1,1,2,2,1,0,1,1,1,1,2,2
692,1,1,1,1,1,1,1,1,2,1,1,1,1,2,2
693,1,1,0,1,1,2,2,1,2,1,2,2,2,2,1
694,1,1,2,1,1,1,1,1,2,1,1,2,2,2,2
695,1,1,1,1,1,1,2,1,0,1,1,2,2,2,2
696,1,1,1,1,1,1,1,1,2,2,1,1,2,1,1
697,1,1,1,1,1,2,1,2,2,1,1,1,1,2,1
698,1,1,1,1,1,2,2,1,1,1,1,1,1,2,2
699,1,1,1,1,1,2,1,2,2,1,1,2,1,2,1
700,1,1,1,1,1,1,1,1,1,2,1,2,1,1,1
701,1,1,1,1,1,1,1,1,2,1,1,1,1,2,1
702,2,2,1,1,1,2,2,1,1,1,2,2,2,1,1
703,1,1,1,1,1,1,2,2,1,1,1,1,2,1,2
704,1,1,1,1,1,2,1,1,1,1,1,1,2,1,2
705,1,1,1,1,1,1,2,1,1,1,1,2,1,1,2
706,1,1,1,1,1,1,1,2,1,1,1,1,2,1,1
707,1,1,1,1,1,2,2,1,1,2,2,2,2,2,1
708,1,1,1,1,1,2,1,2,1,2,1,2,1,1,2
709,1,1,1,1,1,2,2,1,2,1,1,1,1,1,1
710,1,1,1,1,1,2,1,2,1,1,2,1,1,0,1
711,1,1,1,1,1,0,1,1,0,0,1,1,1,2,1
712,1,1,1,1,1,1,2,2,1,2,1,2,2,1,1
713,1,1,1,1,1,2,2,1,1,1,2,2,2,1,2
714,1,1,1,1,1,2,1,1,1,2,1,1,1,2,1
715,1,1,1,1,1,2,2,1,2,2,1,1,2,2,1
716,1,1,1,2,1,1,1,1,2,1,1,1,1,1,2
717,1,1,1,1,1,1,2,2,1,1,0,1,1,2,1
718,1,1,1,1,1,0,1,2,2,2,2,1,2,1,2
719,1,1,1,1,1,2,1,2,1,2,2,1,2,1,2
720,1,1,1,1,1,1,1,1,2,1,1,2,2,2,2
721,1,1,1,1,1,2,1,2,2,2,1,2,1,0,2
722,1,1,1,1,1,2,2,1,2,1,1,1,1,1,1
723,1,1,1,1,1,2,2,2,1,2,1,2,2,1,1
724,1,1,1,1,1,1,2,1,1,1,1,2,2,2,2
725,1,1,1,1,1,2,2,2,1,2,1,1,1,1,2
726,1,1,1,1,1,2,2,1,2,1,1,1,2,1,2
727,1,1,1,1,1,2,2,2,1,2,2,1,2,2,2
728,1,1,1,1,1,2,2,1,2,1,2,1,1,2,1
729,1,1,1,1,1,2,1,1,2,1,0,1,2,2,2
730,1,1,1,1,1,2,1,1,1,1,1,2,2,1,2
731,1,1,1,1,1,1,2,2,2,1,1,1,2,1,1
732,1,1,1,1,1,2,1,2,1,2,1,1,2,1,2
733,1,1,1,1,1,1,1,1,1,2,2,1,2,2,1
734,1,1,1,1,1,2,2,1,1,1,1,0,2,1,2
735,1,1,1,2,1,1,1,1,1,2,2,1,2,1,2
736,1,1,1,1,1,2,1,1,1,1,2,1,2,2,1
737,1,1,1,1,1,2,1,2,1,2,1,1,1,1,1
738,1,1,1,1,1,2,2,1,2,1,1,1,2,2,2
739,1,1,1,1,1,2,2,2,1,1,2,1,2,2,1
740,1,1,1,1,1,1,1,2,1,1,1,1,2,2,1
741,1,1,1,1,1,0,2,2,0,2,1,1,1,2,2
742,1,1,1,1,1,2,2,0,1,1,1,2,2,1,2
743,1,1,2,1,1,2,1,2,2,2,2,2,1,2,1
744,1,1,1,1,1,2,2,1,1,1,1,2,1,2,1
745,1,1,2,1,1,2,2,2,1,1,1,1,2,1,1
746,1,1,1,1,1,2,1,1,2,1,1,2,1,2,2
747,1,1,1,1,1,2,2,2,1,1,1,1,1,1,2
748,1,0,1,1,2,1,2,2,1,1,2,2,2,1,2
749,1,1,1,1,1,2,1,1,1,1,1,2,2,2,2
750,1,1,1,1,1,2,1,1,1,2,1,1,2,1,2
751,1,1,1,1,1,2,1,2,0,1,0,1,1,1,1
752,1,1,1,1,1,2,1,2,2,2,1,1,2,1,2
753,1,1,1,1,1,1,2,2,1,2,1,2,2,1,2
754,1,1,1,1,1,2,2,2,2,1,0,1,1,1,1
755,1,1,1,1,1,2,2,1,2,1,2,1,1,2,0
756,1,1,1,1,1,2,2,2,2,1,2,1,2,2,2
757,1,1,1,1,1,2,2,1,2,2,1,1,1,2,2
758,1,1,1,1,1,1,1,1,2,1,1,1,2,1,1
759,1,2,1,1,1,2,1,2,2,1,1,1,1,2,1
760,1,1,2,1,1,1,2,1,2,2,1,1,2,1,2
761,1,1,1,1,1,1,1,2,2,2,2,2,2,1,1
762,1,1,1,1,1,2,1,1,2,1,1,1,0,2,1
763,1,1,1,1,1,2,2,1,2,1,1,1,1,1,1
764,1,1,1,1,1,2,1,1,1,1,1,1,1,2,2
765,1,1,1,1,1,2,2,2,1,1,1,2,2,2,1
766,1,1,1,1,2,2,2,1,1,2,2,1,2,1,1
767,1,1,1,1,1,2,1,1,2,1,1,1,2,1,2
768,1,2,1,1,1,2,0,2,0,2,1,1,2,1,2
769,1,1,2,1,1,2,1,1,2,1,1,2,1,1,2
770,1,1,1,1,2,2,1,1,2,1,1,1,1,0,2
771,1,1,1,1,1,2,1,0,2,2,1,1,2,2,1
772,1,1,1,1,1,1,1,1,1,1,2,1,1,1,1
773,1,2,1,1,1,1,2,2,1,2,0,1,1,2,1
774,1,1,1,1,1,2,1,1,1,2,1,1,1,2,1
775,1,2,1,1,1,2,1,1,1,2,1,1,2,2,2
776,1,1,1,1,1,2,2,2,2,1,0,2,2,1,1
777,1,1,1,1,1,1,1,2,1,1,0,1,1,2,2
778,1,1,2,2,1,2,2,2,2,1,2,1,1,1,2
779,1,1,1,1,1,2,2,2,2,1,2,2,1,1,1
780,1,1,1,1,1,1,1,2,1,1,2,2,2,1,2
781,1,2,1,1,1,2,2,2,2,2,1,2,1,2,1
782,1,1,1,1,1,2,2,1,2,2,2,2,1,1,1
783,1,1,1,2,1,2,2,1,2,2,1,2,1,1,2
784,1,1,1,1,2,1,1,1,2,1,1,2,2,2,1
785,1,1,1,1,1,1,2,1,2,2,1,1,1,1,1
786,1,1,1,1,1,2,2,2,1,0,1,1,0,1,2
787,1,1,1,1,1,0,1,2,2,2,1,1,1,1,2
788,1,1,1,2,1,1,2,1,2,2,1,1,2,0,1
789,1,1,1,1,1,2,0,2,2,1,1,1,2,1,2
790,1,1,1,1,1,2,1,1,2,1,1,1,1,2,2
791,1,1,1,1,1,1,2,2,2,0,1,2,2,2,2
792,1,1,1,1,1,2,2,1,2,1,2,1,1,1,1
793,1,1,1,1,1,1,2,2,0,1,2,1,2,2,1
794,1,1,2,1,1,1,2,2,1,1,1,2,2,1,2
795,1,1,1,1,1,1,1,1,1,1,1,1,1,2,2
796,1,2,1,2,1,2,1,2,2,2,1,2,2,2,2
797,1,1,1,1,1,2,1,1,1,1,1,1,1,2,2
798,1,1,1,1,1,2,2,2,1,2,1,1,1,1,2
799,1,1,1,1,1,2,2,2,2,2,2,1,2,2,2
800,1,1,1,1,1,2,2,1,1,2,2,1,1,2,1
801,1,1,1,1,1,2,2,2,2,1,1,2,2,1,1
802,1,1,1,1,1,1,2,1,2,1,2,1,1,1,2
803,2,1,1,1,1,2,1,1,1,2,1,2,2,2,1
804,1,1,1,1,1,2,1,1,2,1,1,1,2,1,2
805,1,2,1,1,1,2,1,2,2,1,1,2,1,1,2
806,1,1,1,2,1,1,1,2,1,1,1,1,2,1,1
807,1,1,1,1,1,1,1,2,1,1,2,1,2,1,1
808,1,1,1,1,1,2,1,1,2,1,1,1,2,2,1
809,1,1,1,1,1,2,1,1,1,1,1,1,1,0,2
810,1,1,1,1,1,1,1,2,2,1,2,1,1,2,1
811,1,1,1,1,1,1,1,1,1,2,1,1,1,2,2
812,1,1,1,1,1,1,2,1,2,2,1,2,1,2,2
813,1,1,1,1,1,1,1,2,1,0,2,1,1,2,2
814,1,1,1,1,1,1,1,2,1,1,1,1,1,1,1
815,1,1,1,1,1,2,1,1,1,1,1,2,2,2,1
816,1,1,1,1,1,2,1,1,2,2,1,1,1,2,1
817,1,1,1,1,1,2,2,2,1,1,1,1,1,1,2
818,1,1,1,1,1,1,1,1,2,1,1,2,1,2,1
819,1,1,1,1,1,2,1,1,1,2,2,1,1,2,1
820,1,1,1,1,1,1,0,1,2,2,0,1,2,2,1
821,1,1,1,1,1,2,2,1,2,2,1,2,1,1,1
822,1,1,1,2,1,2,2,1,1,1,1,1,2,2,2
823,1,1,1,1,1,2,1,2,2,1,1,1,1,2,2
824,1,1,1,1,1,2,2,2,1,2,1,1,2,2,1
825,1,1,1,1,1,2,1,1,2,1,1,2,1,1,2
826,1,2,1,1,1,1,1,1,1,2,2,1,1,2,1
827,1,1,1,1,1,2,1,2,1,1,1,1,1,1,1
828,1,1,1,1,1,2,1,0,1,1,2,1,1,2,2
829,1,1,1,1,1,1,2,1,1,1,1,0,2,0,1
830,1,1,1,1,1,2,1,2,2,1,1,1,2,1,2
831,1,1,1,1,1,2,2,1,1,1,1,2,1,2,2
832,1,1,1,1,1,1,2,1,1,2,1,1,2,1,2
833,1,1,1,1,1,2,1,1,1,1,2,1,1,2,2
834,1,1,1,1,1,1,2,2,2,1,2,1,2,1,2
835,1,1,1,0,1,1,1,1,1,2,1,1,1,1,2
836,1,1,1,1,1,1,1,1,1,1,1,2,1,1,2
837,1,1,1,1,1,2,0,2,2,1,1,2,1,2,1
838,1,1,1,1,1,1,1,1,1,1,1,1,1,2,2
839,1,1,1,1,1,2,1,2,2,2,1,1,2,1,1
840,1,1,1,1,1,2,2,2,2,1,1,2,2,1,2
841,1,1,1,1,1,2,1,1,2,1,1,1,0,1,1
842,1,1,1,1,1,2,1,2,1,2,1,2,1,1,2
843,1,1,1,1,1,2,1,1,1,1,1,1,1,1,1
844,1,1,1,1,1,2,2,2,1,1,1,2,1,1,1
845,1,1,1,1,1,2,1,1,2,1,2,1,2,2,2
846,1,1,1,1,1,2,2,2,0,1,2,1,0,2,2
847,1,1,1,1,1,2,1,2,1,2,1,1,2,1,2
848,2,1,1,1,1,2,2,1,1,2,1,1,2,2,1
849,1,1,1,1,1,1,1,1,2,1,2,1,2,1,2
850,1,1,1,1,1,2,1,2,2,1,2,1,2,1,2
851,1,1,1,1,1,2,1,2,1,1,2,1,2,1,2
852,1,1,1,1,1,2,1,2,1,2,1,1,2,2,2
853,2,1,1,1,1,2,1,2,1,1,1,1,2,2,1
854,1,1,1,1,1,2,2,2,2,1,1,1,2,2,1
855,1,1,1,1,1,2,2,1,1,0,1,1,2,1,2
856,1,1,1,1,1,1,1,1,2,1,1,1,1,1,1
857,1,1,1,1,1,2,2,2,1,1,2,1,2,1,2
858,1,1,1,1,1,2,2,2,2,1,1,1,1,1,2
859,1,1,1,1,1,2,1,2,2,1,1,2,1,2,1
860,1,1,1,1,1,2,2,2,2,2,1,2,1,1,1
861,1,1,1,1,1,2,1,1,2,1,1,1,1,1,1
862,1,1,1,1,1,1,0,1,2,1,1,2,2,2,2
863,1,1,1,1,1,2,1,1,1,1,2,1,2,1,1
864,1,1,1,1,1,2,2,2,1,2,2,2,1,2,2
865,1,1,1,1,1,2,1,1,1,1,1,1,1,1,1
866,1,1,1,1,1,2,1,2,2,0,1,1,1,1,1
867,1,1,1,1,1,1,1,1,2,2,2,1,1,1,2
868,1,1,1,1,1,2,2,1,1,1,1,0,2,1,2
869,1,1,1,1,1,2,1,1,1,1,1,1,2,1,1
870,1,1,1,1,1,2,0,1,2,2,2,1,2,1,2
871,1,1,1,1,1,2,1,1,2,1,2,2,2,2,2
872,1,2,1,1,1,2,2,2,2,2,2,2,2,1,1
873,1,1,1,1,1,1,1,1,2,1,1,1,2,1,1
874,1,1,1,1,1,2,1,2,0,1,0,1,1,2,1
875,1,1,1,1,1,2,1,1,2,1,2,1,1,2,0
876,1,1,2,1,1,2,2,0,2,1,2,1,1,2,1
877,1,1,1,1,1,1,2,2,2,2,2,1,2,2,1
878,1,1,1,1,1,2,2,1,2,1,1,1,1,2,2
879,1,1,1,1,1,1,1,1,2,1,2,0,2,1,2
880,1,1,1,1,1,1,1,1,2,2,1,1,1,1,2
881,1,1,2,1,1,1,1,2,1,1,2,2,1,2,1
882,1,1,1,1,1,2,2,1,1,1,1,2,1,2,1
883,1,0,1,1,1,2,2,2,1,2,1,1,2,2,0
884,1,1,1,1,1,2,2,2,2,1,1,1,2,2,1
885,2,1,1,1,2,1,2,2,2,1,1,2,2,2,1
886,1,1,1,1,1,2,0,2,1,1,1,1,1,2,1
887,1,1,1,1,1,2,2,2,1,1,1,1,1,2,1
888,1,1,1,2,1,2,1,2,1,1,2,1,1,2,1
889,1,2,1,1,1,2,1,2,2,1,2,2,2,1,2
890,1,1,1,1,1,1,2,1,1,1,2,1,2,2,2
891,1,1,1,1,1,2,2,1,2,1,1,2,1,1,1
892,1,1,1,1,1,2,2,1,1,2,1,2,2,1,2
893,1,2,1,1,1,1,2,1,1,1,1,1,2,2,1
894,1,1,1,1,1,1,1,2,0,1,1,2,1,1,1
895,1,1,1,1,1,2,1,2,1,1,1,1,0,1,2
896,1,1,1,1,1,2,1,0,2,1,2,1,1,2,1
897,1,1,1,2,1,1,2,1,1,1,1,2,1,2,2
898,1,1,1,1,1,2,1,2,2,1,2,1,1,1,2
899,1,2,1,1,1,2,1,2,1,1,1,1,2,1,2
900,1,1,1,1,1,2,1,1,2,2,1,1,1,1,1
901,2,1,1,1,1,2,1,1,1,1,1,2,1,2,1
902,1,1,1,1,1,2,1,2,1,1,1,2,2,2,1
903,1,1,0,1,1,2,1,1,1,0,1,1,1,1,2
904,1,1,1,1,1,1,1,2,2,2,1,2,1,0,1
905,1,1,1,1,1,2,2,2,0,1,1,2,2,1,1
906,1,1,1,1,1,2,2,2,2,1,1,1,1,0,2
907,1,1,1,2,1,2,2,1,1,1,2,1,1,1,1
908,1,1,1,1,1,2,2,2,2,1,1,2,2,2,2
909,1,1,1,1,1,2,2,1,1,1,1,1,1,1,1
910,1,1,1,1,1,1,2,2,1,2,2,2,2,1,2
911,1,1,1,1,1,1,1,1,1,0,2,1,2,1,1
912,1,1,1,1,1,2,1,2,2,1,0,2,2,1,1
913,1,1,1,1,1,2,1,2,2,1,1,1,2,1,2
914,1,1,1,1,1,2,0,2,1,2,1,2,2,2,2
915,1,1,1,1,1,1,2,2,2,1,2,1,2,0,2
916,1,1,1,1,2,2,2,2,1,1,1,1,2,2,1
917,1,1,1,1,2,2,0,1,1,1,1,1,2,1,1
918,1,1,1,1,1,2,1,1,2,1,2,1,2,1,1
919,0,1,1,1,1,2,1,1,1,1,2,1,1,2,2
920,1,1,1,1,1,1,2,2,2,2,1,1,2,1,2
921,1,2,1,2,1,2,1,1,2,0,2,2,1,2,1
922,1,1,1,1,1,1,2,1,1,1,2,1,2,1,1
923,1,1,1,1,1,2,1,2,2,1,1,0,1,2,1
924,1,1,1,1,1,2,2,1,1,1,1,1,1,1,1
925,1,1,1,1,1,2,2,1,1,1,2,1,1,1,2
926,1,1,1,1,1,2,1,2,2,1,1,1,1,2,2
927,1,1,1,1,1,2,1,2,2,1,1,1,2,1,1
928,1,1,1,1,1,1,1,1,2,1,1,1,1,2,2
929,1,1,1,1,1,2,1,2,1,1,1,0,2,0,1
930,1,1,1,1,1,2,2,2,2,1,1,2,1,2,2
931,1,1,1,1,1,2,2,2,2,1,1,1,1,2,1
932,1,1,1,1,1,2,2,1,2,1,1,2,2,1,2
933,1,1,1,1,1,2,2,1,1,2,1,2,2,1,1
934,1,1,2,1,1,2,2,2,1,1,2,1,2,2,1
935,1,1,1,1,1,1,2,1,1,2,2,2,1,1,2
936,1,1,1,1,1,2,1,1,2,2,2,2,2,0,1
937,1,1,2,1,1,2,1,1,2,1,1,1,1,2,2
938,1,2,1,1,1,2,1,2,2,1,1,1,2,1,1
939,1,1,1,1,1,2,2,2,2,1,1,1,2,1,2
940,2,1,1,1,1,1,1,0,2,2,1,1,2,2,1
941,1,1,1,1,1,1,1,1,1,2,1,2,1,1,2
942,1,1,1,1,1,2,1,2,1,0,1,1,2,2,2
943,1,1,1,1,1,2,1,2,2,2,1,1,1,1,1
944,1,1,1,1,1,0,1,1,1,1,1,1,2,2,0
945,1,1,1,1,1,2,0,2,2,1,1,1,1,1,1
946,1,1,1,1,1,1,1,2,1,2,1,1,1,2,2
947,1,1,1,1,1,1,2,2,2,1,1,1,1,1,2
948,1,1,1,1,1,2,1,2,2,1,1,2,1,2,1
949,1,1,1,1,1,1,2,2,1,2,2,1,1,1,1
950,1,1,1,1,1,2,2,2,2,1,2,1,2,1,1
951,1,1,1,1,1,2,2,2,1,2,1,1,2,1,1
952,1,1,1,1,1,2,1,1,1,0,1,1,1,1,1
953,1,1,1,1,1,1,1,2,1,1,1,2,1,2,1
954,1,1,1,1,1,2,1,0,2,2,2,1,2,2,1
955,1,1,1,1,1,2,1,2,1,2,1,1,1,1,1
956,1,1,1,1,1,2,1,1,1,1,1,2,2,0,1
957,1,1,1,1,1,2,2,2,1,2,1,1,2,1,1
958,1,1,1,1,1,2,1,1,1,1,2,1,2,1,1
959,1,1,1,1,1,2,1,2,2,1,1,2,2,1,1
960,1,1,1,1,1,2,1,2,1,2,1,1,2,1,2
961,1,1,1,1,1,2,2,2,2,2,1,1,1,2,2
962,1,1,1,1,1,2,2,2,2,1,2,1,1,1,2
963,1,1,1,1,1,2,1,2,1,1,2,1,1,2,2
964,1,1,1,1,2,2,2,2,1,1,1,1,2,2,2
965,1,1,1,1,1,2,2,1,2,2,2,1,2,2,1
966,1,2,1,1,2,1,2,2,1,2,1,1,2,0,1
967,1,1,1,1,1,2,2,1,1,1,2,2,1,1,1
968,1,1,1,1,1,2,1,2,2,1,2,1,2,2,1
969,1,2,1,1,1,2,1,1,2,2,2,2,2,1,2
970,1,1,2,1,1,1,1,2,0,1,2,1,1,2,2
971,1,1,1,1,1,1,2,1,1,2,2,1,2,1,2
972,1,1,1,1,1,2,1,1,2,1,1,1,2,0,1
973,2,1,1,1,1,2,2,1,1,2,1,1,2,1,2
974,1,1,1,1,1,1,1,2,1,2,1,1,2,1,2
975,1,1,1,1,1,2,2,2,1,1,1,2,1,2,1
976,1,1,1,1,1,2,1,1,1,1,1,1,1,1,1
977,1,2,1,1,1,2,2,1,2,1,1,1,2,2,2
978,1,2,1,1,1,2,1,1,2,2,2,2,1,2,1
979,1,1,1,1,1,1,1,2,2,1,1,1,2,1,2
980,1,2,1,1,1,2,1,1,1,1,1,1,2,1,1
981,1,1,1,1,1,1,1,1,2,1,2,1,2,1,1
982,1,1,1,1,1,2,1,1,2,1,1,1,2,2,1
983,1,1,1,1,1,2,2,1,1,1,2,1,1,2,1
984,1,1,1,1,1,2,1,1,2,1,2,1,2,2,1
985,1,1,1,1,1,1,2,2,1,1,2,1,2,2,2
986,2,1,2,1,1,1,2,2,1,1,1,1,1,2,2
987,1,1,1,1,1,2,1,1,1,1,1,1,1,0,1
988,1,2,1,1,1,2,1,1,2,1,1,1,2,2,1
989,1,1,1,1,1,2,1,2,2,1,1,2,1,1,2
990,1,1,1,1,1,2,0,1,1,2,2,2,2,1,1
991,1,1,1,1,1,1,1,2,2,1,2,2,1,1,2
992,1,1,1,1,1,2,2,1,1,1,1,1,1,1,1
993,1,1,1,1,1,2,2,1,1,1,2,1,2,1,1
994,1,1,1,1,2,2,0,2,1,2,1,2,1,1,2
995,1,1,1,1,1,2,1,1,1,1,1,1,1,2,1
996,1,1,1,1,1,2,2,1,1,1,1,1,2,1,1
997,1,1,2,1,1,0,2,2,1,1,1,1,1,1,2
998,1,1,1,1,1,1,1,1,2,1,1,1,2,1,2
999,1,2,1,1,1,1,1,2,2,2,1,2,1,1,1
